{"cameraMode":{"drawMode":0,"name":"Shaded","section":"Shading Mode"},"sceneLighting":true,"audioPlay":false,"sceneViewState":{"showFog":true,"showMaterialUpdate":false,"showSkybox":true,"showFlares":true,"showImageEffects":true,"showParticleSystems":true},"in2DMode":false,"pivot":{"x":109.04471588134766,"y":-6.797672271728516,"z":-101.18497467041016},"rotation":{"x":-0.035238124430179599,"y":0.8649832010269165,"z":-0.06135150417685509,"w":-0.49684271216392519},"size":60.12998962402344,"orthographic":false}