{"cameraMode":{"drawMode":0,"name":"Shaded","section":"Shading Mode"},"sceneLighting":true,"audioPlay":false,"sceneViewState":{"showFog":true,"showMaterialUpdate":false,"showSkybox":true,"showFlares":true,"showImageEffects":true,"showParticleSystems":true},"in2DMode":false,"pivot":{"x":244.77952575683595,"y":142.7283935546875,"z":-43.09222412109375},"rotation":{"x":0.07374350726604462,"y":-0.00031964259687811136,"z":0.00004469414125196636,"w":0.9973100423812866},"size":205.1071014404297,"orthographic":false}