{"cameraMode":{"drawMode":0,"name":"Shaded","section":"Shading Mode"},"sceneLighting":true,"audioPlay":false,"sceneViewState":{"showFog":true,"showMaterialUpdate":false,"showSkybox":true,"showFlares":true,"showImageEffects":true,"showParticleSystems":true},"in2DMode":false,"pivot":{"x":97.4110107421875,"y":11.749002456665039,"z":2.848623752593994},"rotation":{"x":0.24753864109516145,"y":0.6825283169746399,"z":-0.2665651738643646,"w":0.633929967880249},"size":3.3372294902801515,"orthographic":false}